{"cameraMode":{"drawMode":0,"name":"Shaded","section":"Shading Mode"},"sceneLighting":true,"audioPlay":false,"sceneViewState":{"showFog":true,"showMaterialUpdate":true,"showSkybox":true,"showFlares":true,"showImageEffects":true,"showParticleSystems":true},"in2DMode":false,"pivot":{"x":-0.8264286518096924,"y":0.20345115661621095,"z":1.9490978717803956},"rotation":{"x":-0.2485085427761078,"y":0.40706750750541689,"z":-0.1161128431558609,"w":-0.8712390661239624},"size":3.952531337738037,"orthographic":false}