{"cameraMode":{"drawMode":0,"name":"Shaded","section":"Shading Mode"},"sceneLighting":true,"audioPlay":false,"sceneViewState":{"showFog":true,"showMaterialUpdate":true,"showSkybox":true,"showFlares":true,"showImageEffects":true,"showParticleSystems":true},"in2DMode":false,"pivot":{"x":3.396322011947632,"y":3.1665990352630617,"z":0.6160976886749268},"rotation":{"x":-0.44984811544418337,"y":0.028646811842918397,"z":-0.014442208223044873,"w":-0.8925287127494812},"size":3.952531337738037,"orthographic":false}