{"cameraMode":{"drawMode":0,"name":"Shaded","section":"Shading Mode"},"sceneLighting":true,"audioPlay":false,"sceneViewState":{"showFog":true,"showMaterialUpdate":true,"showSkybox":true,"showFlares":true,"showImageEffects":true,"showParticleSystems":true},"in2DMode":false,"pivot":{"x":3.504772424697876,"y":2.1642813682556154,"z":2.095205307006836},"rotation":{"x":-0.5132051706314087,"y":0.21790368854999543,"z":-0.13657453656196595,"w":-0.8188319802284241},"size":3.952531337738037,"orthographic":false}