{"cameraMode":{"drawMode":0,"name":"Shaded","section":"Shading Mode"},"sceneLighting":true,"audioPlay":false,"sceneViewState":{"showFog":true,"showMaterialUpdate":true,"showSkybox":true,"showFlares":true,"showImageEffects":true,"showParticleSystems":true},"in2DMode":false,"pivot":{"x":-0.9228536486625671,"y":0.9041860103607178,"z":0.2929587960243225},"rotation":{"x":-0.1297634392976761,"y":-0.6961122751235962,"z":0.1301528811454773,"w":-0.6940096616744995},"size":3.952531337738037,"orthographic":false}